[{"translated_blog_posts": {}, "share_text": "V\u00edsperas de A\u00f1o Nuevo 2012 #GoogleDoodle", "name": "new-years-eve-2012", "title": "V\u00edsperas de A\u00f1o Nuevo 2012", "high_res_width": 0, "run_date_array": [2012, 12, 31], "translations": {"en-GB": {"query": "New Year's Eve 2012", "hover_text": "Happy New Year!", "share_text": ""}, "en": {"query": "New Year's Eve 2012", "hover_text": "Happy New Year!", "share_text": ""}}, "high_res_height": 0, "high_res_url": "https://lh3.googleusercontent.com/6kmaZJhgj419lUOADQ0g_ywjsFQ5w-ECmk0dtbs82bti-ejijPeNXITIN4_6aMqKzGUY5X4101I2dnhJteT6oh2v38Os2e_8zdto5PI5=s660", "url": "//www.google.com/logos/2012/new_years_eve_2012_-_english_only-1049005-hp.jpg", "alternate_url": "", "query": "V\u00edsperas de A\u00f1o Nuevo 2012"}, {"translated_blog_posts": {}, "share_text": "160.\u00ba aniversario del nacimiento de Leonardo Torres Quevedo #GoogleDoodle", "name": "leonardo-torres-quevedos-160th-birthday", "title": "160.\u00ba aniversario del nacimiento de Leonardo Torres Quevedo", "high_res_width": 0, "run_date_array": [2012, 12, 28], "translations": {"fr": {"query": "Whirlpool Aero Car de Niagara", "hover_text": "160\u00e8me anniversaire de Leonardo Torres Quevedo, inventeur du Whirlpool Aero Car de Niagara", "share_text": ""}, "en": {"query": "Whirlpool Aero Car Niagara", "hover_text": "160th Birthday of Leonardo Torres Quevedo, inventor of Niagara's Whirlpool Aero Car", "share_text": ""}, "ca": {"query": "Leonardo Torres Quevedo", "hover_text": "160\u00e8 aniversari del naixement de Leonardo Torres Quevedo", "share_text": ""}, "eu": {"query": "Leonardo Torres Quevedo", "hover_text": "Leonardo Torres Quevedo-ren jaiotegunaren 160. urteurrena.", "share_text": ""}, "gl": {"query": "Leonardo Torres Quevedo", "hover_text": "160\u00ba Aniversario do nacemento de Leonardo Torres Quevedo", "share_text": ""}, "es": {"query": "Leonardo Torres Quevedo", "hover_text": "160\u00ba aniversario del nacimiento de Leonardo Torres Quevedo", "share_text": ""}}, "high_res_height": 0, "high_res_url": "https://lh3.googleusercontent.com/Y-hbFZEbVbbdddoM0D4k0g5CrhWlcabNgeiAQGCUL-DlgGXEU9ywm5GBVNJmj2UalDM2-86tv72SWZyu63gYs3QON1rmCY4UJAtNZkr7pw=s660", "url": "//www.google.com/logos/2012/leonardo_torres_quevedos_160th_birthday-994005-hp.jpg", "alternate_url": "", "query": "160.\u00ba aniversario del nacimiento de Leonardo Torres Quevedo"}, {"translated_blog_posts": {}, "share_text": "Serie navide\u00f1a 2012 (2) #GoogleDoodle", "name": "holiday-series-2012-2", "title": "Serie navide\u00f1a 2012 (2)", "high_res_width": 0, "run_date_array": [2012, 12, 25], "translations": {"el": {"query": "\u03a7\u03c1\u03cc\u03bd\u03b9\u03b1 \u03a0\u03bf\u03bb\u03bb\u03ac", "hover_text": "\u03a7\u03c1\u03cc\u03bd\u03b9\u03b1 \u03a0\u03bf\u03bb\u03bb\u03ac \u03b1\u03c0\u03cc \u03c4\u03b7\u03bd Google!", "share_text": ""}, "en": {"query": "Happy Holidays", "hover_text": "Happy Holidays from Google!", "share_text": ""}, "af": {"query": "Happy Holidays", "hover_text": "Geniet die vakansietyd, van Google!", "share_text": ""}, "vi": {"query": "Ch\u00fac Gi\u00e1ng sinh an l\u00e0nh", "hover_text": "Google k\u00ednh ch\u00fac Gi\u00e1ng sinh an l\u00e0nh!", "share_text": ""}, "ca": {"query": "Bones festes", "hover_text": "Google et desitja bones festes!", "share_text": ""}, "it": {"query": "buone feste", "hover_text": "Buone Feste da Google!", "share_text": ""}, "cs": {"query": "Vesel\u00e9 V\u00e1noce", "hover_text": "Vesel\u00e9 V\u00e1noce p\u0159eje Google!", "share_text": ""}, "ar": {"query": "\u0643\u0644 \u0639\u0627\u0645 \u0648\u0623\u0646\u062a\u0645 \u0628\u062e\u064a\u0631", "hover_text": "\u0643\u0644 \u0639\u0627\u0645 \u0648\u0623\u0646\u062a\u0645 \u0628\u062e\u064a\u0631 \u0645\u0646 Google", "share_text": ""}, "ga": {"query": "Beannachta\u00ed an tS\u00e9as\u00fair", "hover_text": "Beannachta\u00ed an tS\u00e9as\u00fair \u00f3 Google!", "share_text": ""}, "eu": {"query": "Jai zoriontsuak", "hover_text": "Jai zoriontsuak izan ditzazuela Google-n partez", "share_text": ""}, "et": {"query": "H\u00e4id p\u00fchi!", "hover_text": "H\u00e4id p\u00fchi Google'lt!", "share_text": ""}, "gl": {"query": "Felices Festas", "hover_text": "Google des\u00e9xavos unhas \u00a1Felices Festas!", "share_text": ""}, "id": {"query": "Selamat Natal", "hover_text": "Selamat Natal dari Google!", "share_text": ""}, "es": {"query": "Felices Fiestas", "hover_text": "Google te desea \u00a1Felices Fiestas!", "share_text": ""}, "en-GB": {"query": "Happy Holidays", "hover_text": "Happy Holidays from Google!", "share_text": ""}, "ru": {"query": "\u0412\u0435\u0441\u0435\u043b\u044b\u0445 \u043f\u0440\u0430\u0437\u0434\u043d\u0438\u043a\u043e\u0432", "hover_text": "Google \u0436\u0435\u043b\u0430\u0435\u0442 \u0432\u0430\u043c \u0432\u0435\u0441\u0435\u043b\u044b\u0445 \u043f\u0440\u0430\u0437\u0434\u043d\u0438\u043a\u043e\u0432!", "share_text": ""}, "nl": {"query": "Fijne feestdagen", "hover_text": "Fijne Feestdagen namens Google!", "share_text": ""}, "nn": {"query": "Jul", "hover_text": "God Jul fra Google!", "share_text": ""}, "no": {"query": "Jul", "hover_text": "God Jul fra Google!", "share_text": ""}, "tr": {"query": "Mutlu Y\u0131llara", "hover_text": "Mutlu Y\u0131llar!", "share_text": ""}, "lv": {"query": "priec\u012bgus Ziemassv\u0113tkus", "hover_text": "Priec\u012bgas br\u012bvdienas no Google!", "share_text": ""}, "lt": {"query": "Linksm\u0173 \u0161ven\u010di\u0173", "hover_text": "Linksm\u0173 \u0161ven\u010di\u0173 Jums linki Google!", "share_text": ""}, "th": {"query": "\u0e2a\u0e38\u0e02\u0e2a\u0e31\u0e19\u0e15\u0e4c\u0e27\u0e31\u0e19\u0e14\u0e35\u0e46", "hover_text": "Google \u0e02\u0e2d\u0e2a\u0e48\u0e07\u0e04\u0e27\u0e32\u0e21\u0e2a\u0e38\u0e02!", "share_text": ""}, "es-419": {"query": "Felices fiestas", "hover_text": "Google te desea \u00a1Felices Fiestas!", "share_text": ""}, "is": {"query": "gle\u00f0ileg j\u00f3l", "hover_text": "Google \u00f3skar landsm\u00f6nnum \u00f6llum gle\u00f0ilegra j\u00f3la", "share_text": ""}, "pl": {"query": "\u015awi\u0119ta Bo\u017cego Narodzenia", "hover_text": "Weso\u0142ych \u015awi\u0105t!", "share_text": ""}, "fr": {"query": "Joyeuses f\u00eates", "hover_text": "Google vous souhaite de joyeuses f\u00eates !", "share_text": ""}, "bg": {"query": "\u0412\u0435\u0441\u0435\u043b\u0438 \u043f\u0440\u0430\u0437\u043d\u0438\u0446\u0438", "hover_text": "\u0412\u0435\u0441\u0435\u043b\u0438 \u043f\u0440\u0430\u0437\u043d\u0438\u0446\u0438 \u043e\u0442 \u0413\u0443\u0433\u044a\u043b!", "share_text": ""}, "hr": {"query": "Sretni blagdani", "hover_text": "Sretne blagdane \u017eeli vam Google!", "share_text": ""}, "bn": {"query": "Happy Holidays", "hover_text": "\u0997\u09c1\u0997\u09b2\u09c7\u09b0 \u09aa\u0995\u09cd\u09b7 \u09a5\u09c7\u0995\u09c7 \u09ae\u09c7\u09b0\u09c0 \u0995\u09cd\u09b0\u09bf\u09b8\u09ae\u09be\u09b8", "share_text": ""}, "de": {"query": "Frohes Fest", "hover_text": "Frohes Fest von Google!", "share_text": ""}, "ht": {"query": "Bonn F\u00e8t", "hover_text": "Google swete'w bonn f\u00e8t!", "share_text": ""}, "da": {"query": "God Jul", "hover_text": "God Jul fra Google!", "share_text": ""}, "pt-BR": {"query": "Boas Festas", "hover_text": "Google te deseja Boas Festas!", "share_text": ""}, "fi": {"query": "Hyv\u00e4\u00e4 Joulua", "hover_text": "Hyv\u00e4\u00e4 Joulua Googlelta!", "share_text": ""}, "hu": {"query": "Boldog \u00fcnnepeket", "hover_text": "Boldog \u00fcnnepeket k\u00edv\u00e1n a Google!", "share_text": ""}, "ja": {"query": "2012 \u5e74\u672b", "hover_text": "\u3088\u3044\u304a\u5e74\u3092\uff01", "share_text": ""}, "ro": {"query": "s\u0103rb\u0103tori fericite", "hover_text": "S\u0103rb\u0103tori fericite de la Google!", "share_text": ""}, "pt-PT": {"query": "Boas Festas", "hover_text": "A Google deseja-lhe Boas Festas!", "share_text": ""}, "zh-TW": {"query": "\u8056\u8a95\u591c", "hover_text": "\u4f86\u81ea Google \u7684\u4f73\u7bc0\u795d\u798f\uff01", "share_text": ""}, "sq": {"query": "g\u00ebzuar festat", "hover_text": "G\u00ebzuar Festat nga Google!", "share_text": ""}, "ko": {"query": "\ud06c\ub9ac\uc2a4\ub9c8\uc2a4 \uc774\ube0c", "hover_text": "\uc990\uac70\uc6b4 \uc5f0\ub9d0 \ubcf4\ub0b4\uc138\uc694!", "share_text": ""}, "sv": {"query": "Jul", "hover_text": "God Jul \u00f6nskar Google!", "share_text": ""}, "sk": {"query": "Vesel\u00e9 Vianoce", "hover_text": "Vesel\u00e9 Vianoce v\u00e1m \u017eel\u00e1 Google!", "share_text": ""}, "zh-CN": {"query": "\u5723\u8bde\u591c", "hover_text": "\u5723\u8bde\u591c\u5feb\u4e50\uff01", "share_text": ""}, "ms": {"query": "Selamat Bercuti", "hover_text": "Selamat Bercuti dari Google!", "share_text": ""}, "sl": {"query": "Bo\u017ei\u010d", "hover_text": "Google vam \u017eeli vesele praznike!", "share_text": ""}, "sw": {"query": "heri ya sikukuu", "hover_text": "Google inawatakia heri ya sikukuu!", "share_text": ""}}, "high_res_height": 0, "high_res_url": "https://lh3.googleusercontent.com/VkxWj1wpFZLB2hs0-svXf7eczrcdYHmi6A5hz5uEz0HXAwY6WoBP11KOJhZW3BspoIq_giOU_pjhuDYY6aAbfkdARLrsWKGl8EKbfmd8=s660", "url": "//www.google.com/logos/2012/holiday_series_2012_2-999005-hp.jpg", "alternate_url": "", "query": "Felices fiestas"}, {"translated_blog_posts": {}, "share_text": "Serie navide\u00f1a 2012 (1) #GoogleDoodle", "name": "holiday-series-2012-1", "title": "Serie navide\u00f1a 2012 (1)", "high_res_width": 0, "run_date_array": [2012, 12, 24], "translations": {"el": {"query": "\u03a7\u03c1\u03cc\u03bd\u03b9\u03b1 \u03a0\u03bf\u03bb\u03bb\u03ac", "hover_text": "\u03a7\u03c1\u03cc\u03bd\u03b9\u03b1 \u03c0\u03bf\u03bb\u03bb\u03ac \u03b1\u03c0\u03cc \u03c4\u03b7\u03bd Google!", "share_text": ""}, "en": {"query": "Happy Holidays", "hover_text": "Happy Holidays from Google!", "share_text": ""}, "af": {"query": "Happy Holidays", "hover_text": "Geniet die vakansietyd, van Google!", "share_text": ""}, "vi": {"query": "Ch\u00fac Gi\u00e1ng sinh an l\u00e0nh", "hover_text": "Google k\u00ednh ch\u00fac Gi\u00e1ng sinh an l\u00e0nh!", "share_text": ""}, "ca": {"query": "Bones festes", "hover_text": "Google et desitja Bones festes!", "share_text": ""}, "it": {"query": "buone feste", "hover_text": "Buone Feste da Google!", "share_text": ""}, "cs": {"query": "Vesel\u00e9 V\u00e1noce", "hover_text": "Vesel\u00e9 V\u00e1noce p\u0159eje Google!", "share_text": ""}, "ar": {"query": "\u0643\u0644 \u0639\u0627\u0645 \u0648\u0623\u0646\u062a\u0645 \u0628\u062e\u064a\u0631", "hover_text": "\u0643\u0644 \u0639\u0627\u0645 \u0648\u0623\u0646\u062a\u0645 \u0628\u062e\u064a\u0631 \u0645\u0646 Google", "share_text": ""}, "ga": {"query": "Beannachta\u00ed an tS\u00e9as\u00fair", "hover_text": "Beannachta\u00ed an tS\u00e9as\u00fair \u00f3 Google!", "share_text": ""}, "eu": {"query": "Jai zoriontsuak", "hover_text": "Jai zoriontsuak izan ditzazuela Google-ren partez", "share_text": ""}, "et": {"query": "H\u00e4id p\u00fchi!", "hover_text": "H\u00e4id p\u00fchi Google'lt!", "share_text": ""}, "gl": {"query": "Felices Festas", "hover_text": "Google des\u00e9xavos unhas \u00a1Felices Festas!", "share_text": ""}, "id": {"query": "Selamat Natal", "hover_text": "Selamat Natal dari Google!", "share_text": ""}, "es": {"query": "Felices Fiestas", "hover_text": "Google te desea \u00a1Felices Fiestas!", "share_text": ""}, "en-GB": {"query": "Happy Holidays", "hover_text": "Happy Holidays from Google!", "share_text": ""}, "ru": {"query": "\u0412\u0435\u0441\u0435\u043b\u044b\u0445 \u043f\u0440\u0430\u0437\u0434\u043d\u0438\u043a\u043e\u0432", "hover_text": "Google \u0436\u0435\u043b\u0430\u0435\u0442 \u0432\u0430\u043c \u0432\u0435\u0441\u0435\u043b\u044b\u0445 \u043f\u0440\u0430\u0437\u0434\u043d\u0438\u043a\u043e\u0432!", "share_text": ""}, "nl": {"query": "Fijne feestdagen", "hover_text": "Fijne Feestdagen namens Google!", "share_text": ""}, "nn": {"query": "Jul", "hover_text": "God Jul fra Google!", "share_text": ""}, "no": {"query": "Jul", "hover_text": "God Jul fra Google!", "share_text": ""}, "tr": {"query": "Mutlu Y\u0131llar", "hover_text": "Mutlu Y\u0131llar!", "share_text": ""}, "lv": {"query": "priec\u012bgus Ziemassv\u0113tkus", "hover_text": "Priec\u012bgas br\u012bvdienas no Google!", "share_text": ""}, "lt": {"query": "Linksm\u0173 \u0161ven\u010di\u0173!", "hover_text": "Linksm\u0173 \u0161ven\u010di\u0173 Jums linki Google!", "share_text": ""}, "th": {"query": "\u0e2a\u0e38\u0e02\u0e2a\u0e31\u0e19\u0e15\u0e4c\u0e27\u0e31\u0e19\u0e14\u0e35\u0e46", "hover_text": "Google \u0e02\u0e2d\u0e2a\u0e48\u0e07\u0e04\u0e27\u0e32\u0e21\u0e2a\u0e38\u0e02!", "share_text": ""}, "es-419": {"query": "Felices fiestas", "hover_text": "Google te desea \u00a1Felices Fiestas!", "share_text": ""}, "is": {"query": "gle\u00f0ileg j\u00f3l", "hover_text": "Google \u00f3skar landsm\u00f6nnum \u00f6llum gle\u00f0ilegra j\u00f3la", "share_text": ""}, "pl": {"query": "\u015awi\u0119ta Bo\u017cego Narodzenia", "hover_text": "Weso\u0142ych \u015awi\u0105t!", "share_text": ""}, "fr": {"query": "Joyeuses f\u00eates", "hover_text": "Google vous souhaite de joyeuses f\u00eates !", "share_text": ""}, "bg": {"query": "\u0412\u0435\u0441\u0435\u043b\u0438 \u043f\u0440\u0430\u0437\u043d\u0438\u0446\u0438", "hover_text": "\u0412\u0435\u0441\u0435\u043b\u0438 \u043f\u0440\u0430\u0437\u043d\u0438\u0446\u0438 \u043e\u0442 \u0413\u0443\u0433\u044a\u043b!", "share_text": ""}, "hr": {"query": "Sretni blagdani", "hover_text": "Sretne blagdane \u017eeli vam Google!", "share_text": ""}, "bn": {"query": "Happy Holidays", "hover_text": "\u0997\u09c1\u0997\u09b2\u09c7\u09b0 \u09aa\u0995\u09cd\u09b7 \u09a5\u09c7\u0995\u09c7 \u09ae\u09c7\u09b0\u09c0 \u0995\u09cd\u09b0\u09bf\u09b8\u09ae\u09be\u09b8", "share_text": ""}, "de": {"query": "Frohes Fest", "hover_text": "Frohes Fest von Google!", "share_text": ""}, "ht": {"query": "Bonn F\u00e8t", "hover_text": "Google swete'w bonn f\u00e8t!", "share_text": ""}, "da": {"query": "God Jul", "hover_text": "God Jul fra Google!", "share_text": ""}, "pt-BR": {"query": "Boas Festas", "hover_text": "Google te deseja Boas Festas!", "share_text": ""}, "fi": {"query": "Hyv\u00e4\u00e4 Joulua", "hover_text": "Hyv\u00e4\u00e4 Joulua Googlelta!", "share_text": ""}, "hu": {"query": "Boldog \u00fcnnepeket", "hover_text": "Boldog \u00fcnnepeket k\u00edv\u00e1n a Google!", "share_text": ""}, "ja": {"query": "2012 \u5e74\u672b", "hover_text": "\u30db\u30ea\u30c7\u30fc\u30b7\u30ea\u30fc\u30ba\u3001\u305d\u306e 1", "share_text": ""}, "ro": {"query": "s\u0103rb\u0103tori fericite", "hover_text": "S\u0103rb\u0103tori fericite de la Google!", "share_text": ""}, "pt-PT": {"query": "Boas Festas", "hover_text": "A Google deseja-lhe Boas Festas!", "share_text": ""}, "zh-TW": {"query": "\u8056\u8a95\u7bc0", "hover_text": "\u4f86\u81ea Google \u7684\u4f73\u7bc0\u795d\u798f\uff01", "share_text": ""}, "sq": {"query": "G\u00ebzuar Festat", "hover_text": "G\u00ebzuar Festat nga Google!", "share_text": ""}, "ko": {"query": "2012 \uc5f0\ub9d0", "hover_text": "\uc990\uac70\uc6b4 \uc5f0\ub9d0 \ubcf4\ub0b4\uc138\uc694!", "share_text": ""}, "sv": {"query": "Jul", "hover_text": "God Jul \u00f6nskar Google!", "share_text": ""}, "sk": {"query": "Vesel\u00e9 Vianoce", "hover_text": "Vesel\u00e9 Vianoce v\u00e1m \u017eel\u00e1 Google!", "share_text": ""}, "zh-CN": {"query": "\u5723\u8bde\u8282", "hover_text": "\u6765\u81ea Google \u7684\u4f73\u8282\u795d\u798f\uff01", "share_text": ""}, "ms": {"query": "Selamat Bercuti", "hover_text": "Selamat Bercuti dari Google!", "share_text": ""}, "sl": {"query": "Bo\u017ei\u010d", "hover_text": "Google vam \u017eeli vesele praznike!", "share_text": ""}, "sw": {"query": "heri ya sikukuu", "hover_text": "Google inawatakia heri ya sikukuu!", "share_text": ""}}, "high_res_height": 0, "high_res_url": "https://lh3.googleusercontent.com/8KsmEGyJZM07MmCqXC9UKYVXv_LEPuymCUXD9jvUK0Q3EsTpM8BgJL6Gwbc0Sn7nMJS6iWktH3Hz--HtT8-YMXBz9zE0YNC3LRlzxPmW=s660", "url": "//www.google.com/logos/2012/holiday_series_2013_1_-998005-hp.jpg", "alternate_url": "", "query": "Felices fiestas"}, {"translated_blog_posts": {}, "share_text": "120.\u00ba aniversario del nacimiento de Herman Poto\u010dnik #GoogleDoodle", "name": "herman-potocniks-120th-birthday", "title": "120.\u00ba aniversario del nacimiento de Herman Poto\u010dnik", "high_res_width": 0, "run_date_array": [2012, 12, 22], "translations": {"hr": {"query": "Herman Poto\u010dnik", "hover_text": "120. ro\u0111endan Hermana Poto\u010dnika", "share_text": ""}, "de": {"query": "Herman Poto\u010dnik", "hover_text": "120. Geburtstag von Herman Poto\u010dnik", "share_text": ""}, "sl": {"query": "Herman Poto\u010dnik", "hover_text": "120. rojstni dan Hermana Poto\u010dnika", "share_text": ""}}, "high_res_height": 0, "high_res_url": "https://lh3.googleusercontent.com/jkD1uP0QYFdpGYeUZLQVcjyp--cjYSC3ITPcfDM233DBOEsJfNPH_ShZiC3uHP40ITNsE8NVrY2gCf-2hF9ikUty99I0m3hUtSop5Mg=s660", "url": "//www.google.com/logos/2012/herman_potoniks_120th_birthday-990006-hp.jpg", "alternate_url": "", "query": "120.\u00ba aniversario del nacimiento de Herman Poto\u010dnik"}, {"translated_blog_posts": {}, "share_text": "125.\u00ba aniversario del nacimiento de Srinivasa Ramanujan #GoogleDoodle", "name": "srinivasa-ramanujans-125th-birthday", "title": "125.\u00ba aniversario del nacimiento de Srinivasa Ramanujan", "high_res_width": 0, "run_date_array": [2012, 12, 22], "translations": {"en": {"query": "Srinivasa Ramanujan", "hover_text": "Srinivasa Ramanujan's 125th Birthday", "share_text": ""}, "ta": {"query": "\u0bb8\u0bcd\u0bb0\u0bc0\u0ba9\u0bbf\u0bb5\u0bbe\u0b9a \u0bb0\u0bbe\u0bae\u0bbe\u0ba9\u0bc1\u0b9c\u0bb0\u0bcd", "hover_text": "\u0bb8\u0bcd\u0bb0\u0bc0\u0ba9\u0bbf\u0bb5\u0bbe\u0b9a \u0bb0\u0bbe\u0bae\u0bbe\u0ba9\u0bc1\u0b9c\u0bb0\u0bbf\u0ba9\u0bcd 125\u0bb5\u0ba4\u0bc1 \u0baa\u0bbf\u0bb1\u0ba8\u0bcd\u0ba4\u0ba8\u0bbe\u0bb3\u0bcd", "share_text": ""}}, "high_res_height": 0, "high_res_url": "https://lh3.googleusercontent.com/7gtIY2Q0m0wmI_isfGCu4bWQWkrNL6yCIc-S-cjank3bmoRRX5TZgJKaRoSSfNeWOJaK7JhsoIMzcKzzL-Vap1EWFmxkQJdJLEFdIzc=s660", "url": "//www.google.com/logos/2012/srinivasa_ramanujans_125th_birthday-992007-hp.jpg", "alternate_url": "", "query": "125.\u00ba aniversario del nacimiento de Srinivasa Ramanujan"}, {"translated_blog_posts": {}, "share_text": "Fin del calendario maya #GoogleDoodle", "name": "end-of-the-mayan-calendar", "title": "Fin del calendario maya", "high_res_width": 0, "run_date_array": [2012, 12, 21], "translations": {"en": {"query": "End of the 13th Baktun", "hover_text": "End of the Mayan Calendar", "share_text": ""}, "ca": {"query": "Calendari Maia", "hover_text": "Fi del 13\u00e8 baktun dels maies", "share_text": ""}, "it": {"query": "fine calendario maya", "hover_text": "Fine del Calendario Maya", "share_text": ""}, "iw": {"query": "\u05d4\u05de\u05d0\u05d9\u05d4", "hover_text": "\u05e1\u05d5\u05e3 \u05dc\u05d5\u05d7 \u05d4\u05e9\u05e0\u05d4 \u05e9\u05dc \u05d4\u05de\u05d0\u05d9\u05d4", "share_text": ""}, "cs": {"query": "maysk\u00fd kalend\u00e1\u0159", "hover_text": "Konec maysk\u00e9ho kalend\u00e1\u0159e", "share_text": ""}, "ga": {"query": "Deireadh an 13\u00fa Baktun", "hover_text": "Deireadh an f\u00e9ilire M\u00e1igheach", "share_text": ""}, "eu": {"query": "Maia egutegia", "hover_text": "Maien 13. Baktun-aren amaiera", "share_text": ""}, "et": {"query": "Maiade kalender", "hover_text": "Maiade kalendri l\u00f5pp", "share_text": ""}, "gl": {"query": "Calendario maia", "hover_text": "Fin do 13\u00ba Bakt\u00fan dos Mayas", "share_text": ""}, "es": {"query": "Calendario Maya", "hover_text": "Fin del 13er Bakt\u00fan de los Mayas", "share_text": ""}, "ru": {"query": "\u043a\u0430\u043b\u0435\u043d\u0434\u0430\u0440\u044c \u043c\u0430\u0439\u044f", "hover_text": "\u043f\u043e\u0441\u043b\u0435\u0434\u043d\u044f\u044f \u0434\u0430\u0442\u0430 \u043d\u0430 \u043a\u0430\u043b\u0435\u043d\u0434\u0430\u0440\u0435 \u043c\u0430\u0439\u044f", "share_text": ""}, "tr": {"query": "Maya Takvimi", "hover_text": "Maya Takviminin Son G\u00fcn\u00fc", "share_text": ""}, "lv": {"query": "Maiju kalend\u0101rs", "hover_text": "Maiju kalend\u0101ra beigas", "share_text": ""}, "lt": {"query": "Maj\u0173 kalendorius", "hover_text": "Maj\u0173 kalendoriaus pabaiga", "share_text": ""}, "es-419": {"query": "Fin del 13er Bakt\u00fan de los Mayas", "hover_text": "Fin del 13er Bakt\u00fan de los Mayas", "share_text": ""}, "pl": {"query": "Kalendarz Maj\u00f3w", "hover_text": "Koniec Kalendarza Maj\u00f3w", "share_text": ""}, "bg": {"query": "\u043a\u0430\u043b\u0435\u043d\u0434\u0430\u0440 \u043d\u0430 \u043c\u0430\u0438\u0442\u0435", "hover_text": "\u041a\u0440\u0430\u0439 \u043d\u0430 \u043a\u0430\u043b\u0435\u043d\u0434\u0430\u0440\u0430 \u043d\u0430 \u043c\u0430\u0438\u0442\u0435", "share_text": ""}, "de": {"query": "Maya-Kalender", "hover_text": "Ende des Maya-Kalenders", "share_text": ""}, "hu": {"query": "Maja napt\u00e1r", "hover_text": "A Maja napt\u00e1r v\u00e9ge", "share_text": ""}, "pt-BR": {"query": "Fim do Calend\u00e1rio Maya", "hover_text": "Fim do Calend\u00e1rio Maya", "share_text": ""}, "ro-MD": {"query": "Sf\u0103r\u0219itul calendarului mayas", "hover_text": "Sf\u0103r\u0219itul calendarului mayas", "share_text": ""}, "zh-TW": {"query": "\u99ac\u96c5\u66c6\u6cd5 \u672b\u65e5", "hover_text": "\u99ac\u96c5\u66c6\u6cd5\u9810\u8a00\u672b\u65e5", "share_text": ""}, "ko": {"query": "\ub9c8\uc57c \ub2ec\ub825", "hover_text": "\ub9c8\uc57c \ub2ec\ub825 \ub9c8\uc9c0\ub9c9 \ub0a0", "share_text": ""}, "mk": {"query": "\u043a\u0430\u043b\u0435\u043d\u0434\u0430\u0440 \u043d\u0430 \u041c\u0430\u0438\u0442\u0435", "hover_text": "\u041a\u0440\u0430\u0458 \u043d\u0430 \u043a\u0430\u043b\u0435\u043d\u0434\u0430\u0440\u043e\u0442 \u043d\u0430 \u041c\u0430\u0438\u0442\u0435", "share_text": ""}, "sk": {"query": "maysk\u00fd kalend\u00e1r", "hover_text": "Koniec maysk\u00e9ho kalend\u00e1ra", "share_text": ""}, "zh-CN": {"query": "\u739b\u96c5\u5386\u6cd5", "hover_text": "\u739b\u96c5\u5386\u6cd5\u9884\u8a00\u672b\u65e5", "share_text": ""}, "uk": {"query": "\u043a\u0430\u043b\u0435\u043d\u0434\u0430\u0440 \u043c\u0430\u0439\u044f", "hover_text": "\u043e\u0441\u0442\u0430\u043d\u043d\u044f \u0434\u0430\u0442\u0430 \u0437\u0430 \u043a\u0430\u043b\u0435\u043d\u0434\u0430\u0440\u0435\u043c \u043c\u0430\u0439\u044f", "share_text": ""}, "sl": {"query": "Majevski koledar", "hover_text": "Konec majevskega koledarja", "share_text": ""}}, "high_res_height": 0, "high_res_url": "https://lh3.googleusercontent.com/9jYkbApeI5FTLh7tJwpiEmjtgQT8iBVDBY03wf0x_hKyGKiQAkbg2Uld1_gcs9i8xjrp8wFsX_4fDQbyhK7_QXVJhfO11sZ0cbSbjnuZ=s660", "url": "//www.google.com/logos/2012/end_of_the_mayan_calendar-993005-hp.jpg", "alternate_url": "", "query": "Fin del 13er Bakt\u00fan de los Mayas"}, {"translated_blog_posts": {}, "share_text": "200.\u00ba aniversario de los cuentos de hadas de los hermanos Grimm #GoogleDoodle", "name": "200th-anniversary-of-grimms-fairy-tales", "title": "200.\u00ba aniversario de los cuentos de hadas de los hermanos Grimm", "high_res_width": 0, "run_date_array": [2012, 12, 20], "translations": {"el": {"query": "\u03a0\u03b1\u03c1\u03b1\u03bc\u03cd\u03b8\u03b9\u03b1 \u0393\u03ba\u03c1\u03af\u03bc", "hover_text": "200\u03b7 \u03b5\u03c0\u03ad\u03c4\u03b5\u03b9\u03bf\u03c2 \u03c4\u03c9\u03bd \u03c0\u03b1\u03c1\u03b1\u03bc\u03c5\u03b8\u03b9\u03ce\u03bd \u0393\u03ba\u03c1\u03b9\u03bc", "share_text": ""}, "en": {"query": "Brothers Grimm", "hover_text": "200th Anniversary of Grimm's Fairy Tales", "share_text": ""}, "af": {"query": "Grimm's Fairy Tales", "hover_text": "200ste herdenking van Grimm se Sprokies", "share_text": ""}, "vi": {"query": "Truy\u1ec7n c\u1ed5 Grim", "hover_text": "K\u1ef7 ni\u1ec7m Truy\u1ec7n c\u1ed5 Grim tr\u00f2n 200 tu\u1ed5i", "share_text": ""}, "ca": {"query": "Contes dels germans Grimm", "hover_text": "200\u00e8 aniversari dels contes dels germans Grimm", "share_text": ""}, "it": {"query": "fratelli grimm", "hover_text": "200\u00b0 anniversario delle Fiabe dei fratelli Grimm", "share_text": ""}, "iw": {"query": "\u05d4\u05d0\u05d7\u05d9\u05dd \u05d2\u05e8\u05d9\u05dd", "hover_text": "\u05d9\u05d5\u05dd \u05d4\u05d5\u05dc\u05d3\u05ea 200 \u05dc\u05d0\u05d2\u05d3\u05d5\u05ea \u05d4\u05d0\u05d7\u05d9\u05dd \u05d2\u05e8\u05d9\u05dd", "share_text": ""}, "cs": {"query": "Poh\u00e1dky brat\u0159\u00ed Grimm\u016f", "hover_text": "200. v\u00fdro\u010d\u00ed poh\u00e1dek brat\u0159\u00ed Grimm\u016f", "share_text": ""}, "ar": {"query": "Grimm's Fairy Tales", "hover_text": "200th Anniversary of Grimm's Fairy Tales", "share_text": ""}, "ga": {"query": "Grimm's Fairy Tales", "hover_text": "Com\u00f3radh 200 bliain \u00f3n fhoilsi\u00fa S\u00edsc\u00e9alta Grimm", "share_text": ""}, "eu": {"query": "Grimm anaien ipuinak", "hover_text": "Grimm anaien ipuinen 200.urteurrena", "share_text": ""}, "et": {"query": "Krimmi muinasjutud", "hover_text": "Krimmi muinasjuttude 200. aastap\u00e4ev", "share_text": ""}, "az": {"query": "Qrim na\u011f\u0131llar\u0131", "hover_text": "Qrim na\u011f\u0131llar\u0131n\u0131n 200 illiyi", "share_text": ""}, "id": {"query": "Dongeng Grimm", "hover_text": "Menyambut 200 Tahun Dongeng Grimm", "share_text": ""}, "es": {"query": "Cuentos de los hermanos Grimm", "hover_text": "200\u00ba aniversario de los cuentos de los hermanos Grimm", "share_text": ""}, "en-GB": {"query": "Grimm's Fairy Tales", "hover_text": "200th Anniversary of Grimm's Fairy Tales", "share_text": ""}, "ru": {"query": "\u0411\u0440\u0430\u0442\u044c\u044f \u0413\u0440\u0438\u043c\u043c", "hover_text": "200 \u043b\u0435\u0442 \u0421\u043a\u0430\u0437\u043a\u0430\u043c \u0431\u0440\u0430\u0442\u044c\u0435\u0432 \u0413\u0440\u0438\u043c\u043c", "share_text": ""}, "gl": {"query": "Contos dos irm\u00e1ns Grimm", "hover_text": "200 aniversario dos contos dos irm\u00e1ns Grimm", "share_text": ""}, "nl": {"query": "Sprookjes van Grimm", "hover_text": "200e Verjaardag van de sprookjes van Grimm", "share_text": ""}, "nn": {"query": "Grimms Eventyr", "hover_text": "200-\u00e5rs feiringen av Grimms Eventyr", "share_text": ""}, "no": {"query": "Grimms Eventyr", "hover_text": "200-\u00e5rs feiringen av Grimms Eventyr", "share_text": ""}, "tr": {"query": "Grimm Karde\u015flerin Masallar\u0131", "hover_text": "Grimm Karde\u015flerin Masallar\u0131n\u0131n 200'\u00fcnc\u00fc Y\u0131l D\u00f6n\u00fcm\u00fc", "share_text": ""}, "lv": {"query": "Grimmu pasakas", "hover_text": "Grimmu pasaku 200. gadadiena", "share_text": ""}, "lt": {"query": "Grim\u0173 pasakos", "hover_text": "Grim\u0173 pasak\u0173 200-\u0173 met\u0173 jubiliejus", "share_text": ""}, "th": {"query": "\u0e40\u0e17\u0e1e\u0e19\u0e34\u0e22\u0e32\u0e22\u0e01\u0e23\u0e34\u0e21\u0e21\u0e4c", "hover_text": "\u0e40\u0e17\u0e1e\u0e19\u0e34\u0e22\u0e32\u0e22\u0e01\u0e23\u0e34\u0e21\u0e21\u0e4c\u0e04\u0e23\u0e1a\u0e23\u0e2d\u0e1a 200 \u0e1b\u0e35", "share_text": ""}, "es-419": {"query": "Cuentos de hadas de los hermanos Grimm", "hover_text": "200\u00ba aniversario de los cuentos de hadas de los hermanos Grimm", "share_text": ""}, "is": {"query": "Grimms\u00e6vint\u00fdri", "hover_text": "Grimms\u00e6vint\u00fdri 200 \u00e1ra", "share_text": ""}, "pl": {"query": "Pierwsze wydanie Ba\u015bni Braci Grimm", "hover_text": "200. rocznica wydania Ba\u015bni braci Grimm", "share_text": ""}, "ta": {"query": "\u0b95\u0bcd\u0bb0\u0bbf\u0bae\u0bcd \u0b9a\u0b95\u0bcb\u0ba4\u0bb0\u0bb0\u0bcd\u0b95\u0bb3\u0bbf\u0ba9\u0bcd \u0ba4\u0bc7\u0bb5\u0ba4\u0bc8\u0b95\u0bcd \u0b95\u0ba4\u0bc8\u0b95\u0bb3\u0bcd", "hover_text": "\u0b95\u0bcd\u0bb0\u0bbf\u0bae\u0bcd \u0b9a\u0b95\u0bcb\u0ba4\u0bb0\u0bb0\u0bcd\u0b95\u0bb3\u0bbf\u0ba9\u0bcd \u0bb5\u0bbf\u0b9a\u0bbf\u0ba4\u0bcd\u0ba4\u0bbf\u0bb0\u0b95\u0bcd\u0b95\u0ba4\u0bc8\u0b95\u0bb3\u0bcd 200 \u0b86\u0ba3\u0bcd\u0b9f\u0bc1 \u0ba8\u0bbf\u0bb1\u0bc8\u0bb5\u0bc1", "share_text": ""}, "fr": {"query": "Contes de Grimm", "hover_text": "200\u00e8me anniversaire des contes de Grimm", "share_text": ""}, "bg": {"query": "\u0411\u0440\u0430\u0442\u044f \u0413\u0440\u0438\u043c", "hover_text": "200 \u0433. \u043e\u0442 \u0438\u0437\u0434\u0430\u0432\u0430\u043d\u0435\u0442\u043e \u043d\u0430 \u043f\u0440\u0438\u043a\u0430\u0437\u043a\u0438\u0442\u0435 \u043d\u0430 \u0411\u0440\u0430\u0442\u044f \u0413\u0440\u0438\u043c", "share_text": ""}, "ms": {"query": "Cerita Dongeng Grimm", "hover_text": "Ulangtahun ke 200 Cerita Dongeng Grimm", "share_text": ""}, "hr": {"query": "Bajke bra\u0107e Grimm", "hover_text": "200. godi\u0161njica Grimmovih bajki", "share_text": ""}, "bn": {"query": "Grimm's Fairy Tales", "hover_text": "\u0997\u09cd\u09b0\u09c0\u09ae \u09ad\u09be\u0987\u09a6\u09c7\u09b0 \u09b0\u09c2\u09aa\u0995\u09a5\u09be \u09aa\u09cd\u09b0\u0995\u09be\u09b6\u09c7\u09b0 \u09a6\u09cd\u09ac\u09bf\u09b6\u09a4\u09ac\u09be\u09b0\u09cd\u09b7\u09bf\u0995\u09c0", "share_text": ""}, "de": {"query": "grimm m\u00e4rchen", "hover_text": "200. Geburtstag der Grimm'schen M\u00e4rchen", "share_text": ""}, "ht": {"query": "Kont Grimm yo", "hover_text": "200\u00e8m aniv\u00e8s\u00e8 kont Grimm yo", "share_text": ""}, "da": {"query": "Grimms eventyr", "hover_text": "Br\u00f8drene Grimms eventyrs 200 \u00e5rs jubil\u00e6um", "share_text": ""}, "pt-BR": {"query": "Contos de Grimm", "hover_text": "200\u00ba Anivers\u00e1rio dos Contos de Grimm", "share_text": ""}, "fi": {"query": "Grimmin sadut", "hover_text": "Grimmin satujen 200. vuosip\u00e4iv\u00e4", "share_text": ""}, "hu": {"query": "Grimm mes\u00e9k", "hover_text": "200 \u00e9vesek a Grimm mes\u00e9k", "share_text": ""}, "ja": {"query": "\u30b0\u30ea\u30e0\u7ae5\u8a71", "hover_text": "\u300c\u30b0\u30ea\u30e0\u7ae5\u8a71\u300d\u51fa\u7248 200 \u5468\u5e74", "share_text": ""}, "ro": {"query": "fra\u021bii Grimm", "hover_text": "200 de ani de pove\u0219ti scrise de fra\u021bii Grimm", "share_text": ""}, "kk": {"query": "\u0410\u0493\u0430\u0439\u044b\u043d\u0434\u044b \u0413\u0440\u0438\u043c\u043c \u0435\u0440\u0442\u0435\u0433\u0456\u043b\u0435\u0440\u0456", "hover_text": "\u0410\u0493\u0430\u0439\u044b\u043d\u0434\u044b \u0413\u0440\u0438\u043c\u043c \u0435\u0440\u0442\u0435\u043a\u0442\u0435\u0440\u0456\u043d\u0435 200 \u0436\u044b\u043b", "share_text": ""}, "zh-TW": {"query": "\u683c\u6797\u7ae5\u8a71", "hover_text": "\u683c\u6797\u7ae5\u8a71\u554f\u4e16 200\u5468\u5e74", "share_text": ""}, "sq": {"query": "V\u00ebll\u00ebzerit Grim", "hover_text": "200 Vjetori i P\u00ebrrallave t\u00eb V\u00ebllez\u00ebrve Grim", "share_text": ""}, "ko": {"query": "\uadf8\ub9bc \ub3d9\ud654", "hover_text": "\uadf8\ub9bc \ub3d9\ud654 200\uc8fc\ub144", "share_text": ""}, "sv": {"query": "Grimms sagor", "hover_text": "200-\u00e5rs jubileet av br\u00f6derna Grimms sagor", "share_text": ""}, "mk": {"query": "\u0421\u043a\u0430\u0437\u043d\u0438\u0442\u0435 \u043d\u0430 \u0413\u0440\u0438\u043c", "hover_text": "200 \u0433\u043e\u0434\u0438\u043d\u0438 \u043e\u0434 \u0438\u0437\u0434\u0430\u0432\u0430\u045a\u0435\u0442\u043e \u043d\u0430 \u0441\u043a\u0430\u0437\u043d\u0438\u0442\u0435 \u043d\u0430 \u0431\u0440\u0430\u045c\u0430\u0442\u0430 \u0413\u0440\u0438\u043c", "share_text": ""}, "sk": {"query": "bratia Grimmovci", "hover_text": "200. v\u00fdro\u010die rozpr\u00e1vok od bratov Grimmovcov", "share_text": ""}, "zh-CN": {"query": "\u683c\u6797\u7ae5\u8bdd", "hover_text": "\u300a\u683c\u6797\u7ae5\u8bdd\u300b\u7b2c\u4e00\u5377\u9762\u4e16200\u5468\u5e74", "share_text": ""}, "sr": {"query": "\u0411\u0440\u0430\u045b\u0430 \u0413\u0440\u0438\u043c", "hover_text": "200 \u0433\u043e\u0434\u0438\u043d\u0430 \u0431\u0430\u0458\u043a\u0438 \u0431\u0440\u0430\u045b\u0435 \u0413\u0440\u0438\u043c", "share_text": ""}, "pt-PT": {"query": "Contos de Grimm", "hover_text": "200\u00ba Anivers\u00e1rio dos Contos de Grimm", "share_text": ""}, "uk": {"query": "\u0431\u0440\u0430\u0442\u0438 \u0413\u0440\u0456\u043c\u043c", "hover_text": "200 \u0440\u043e\u043a\u0456\u0432 \u041a\u0430\u0437\u043a\u0430\u043c \u0431\u0440\u0430\u0442\u0456\u0432 \u0413\u0440\u0456\u043c\u043c", "share_text": ""}, "sl": {"query": "brata Grimm", "hover_text": "200. obletnica Grimmovih pravljic", "share_text": ""}, "mr": {"query": "Grimm's Fairy Tales", "hover_text": "\u0917\u094d\u0930\u093f\u092e\u091a\u094d\u092f\u093e \u092a\u0930\u0940\u0915\u0925\u093e\u0902\u091a\u0940 \u0968\u0966\u0966\u0935\u0940 \u0935\u0930\u094d\u0937\u092a\u0942\u0930\u094d\u0924\u0940", "share_text": ""}, "sw": {"query": "Grimm's Fairy Tales", "hover_text": "Maadhimisho ya miaka 200 tangu kuchapishwa kwa hekaya zilizoandikwa na mandugu wawili walioitwa Grimm", "share_text": ""}}, "high_res_height": 0, "high_res_url": "https://lh3.googleusercontent.com/b0Vgpk0RWa0b612ihmd_aLnCSlcW68wwWfFOM_miGpk24OYQI_IRbuHxd2aK_ESsFf_gjM2w74X4ryL6pcdUwNdltwaCCurou-yejDqx=s660", "url": "//www.google.com/logos/2012/200th_anniversary_of_grimms_fairy_tales-986006-hp.jpg", "alternate_url": "", "query": "Cuentos de hadas de los hermanos Grimm"}, {"translated_blog_posts": {}, "share_text": "D\u00eda de las elecciones de Corea del Sur 2012 #GoogleDoodle", "name": "s-korea-election-day-2012", "title": "D\u00eda de las elecciones de Corea del Sur 2012", "high_res_width": 0, "run_date_array": [2012, 12, 19], "translations": {"ko": {"query": "18\ub300 \ub300\ud1b5\ub839 \uc120\uac70", "hover_text": "18\ub300 \ub300\ud1b5\ub839 \uc120\uac70", "share_text": ""}}, "high_res_height": 0, "high_res_url": "https://lh3.googleusercontent.com/aPwKJ2T_Y1UCssDQilrrgmjXidBagk7mQaHb7SUs8Yb5Kt2Nx08M77mj3r7g936mbwlOS68vChWWevNd_TPyQuuZLW92VbVTSOnh10xl7Q=s660", "url": "//www.google.com/logos/2012/s_korea_election_day_2012-1003005.1-hp.jpg", "alternate_url": "", "query": "D\u00eda de las elecciones de Corea del Sur 2012"}, {"translated_blog_posts": {}, "share_text": "120.\u00ba aniversario del ballet El cascanueces #GoogleDoodle", "name": "120th-anniversary-of-the-nutcracker-ballet", "title": "120.\u00ba aniversario del ballet El cascanueces", "high_res_width": 0, "run_date_array": [2012, 12, 18], "translations": {"el": {"query": "\u039c\u03c0\u03b1\u03bb\u03ad\u03c4\u03bf \u03bf \u039a\u03b1\u03c1\u03c5\u03bf\u03b8\u03c1\u03b1\u03cd\u03c3\u03c4\u03b7\u03c2", "hover_text": "120 \u03b5\u03c0\u03ad\u03c4\u03b5\u03b9\u03bf\u03c2 \u03c4\u03bf\u03c5 \u03bc\u03c0\u03b1\u03bb\u03ad\u03c4\u03bf\u03c5 \u03bf \u039a\u03b1\u03c1\u03c5\u03bf\u03b8\u03c1\u03b1\u03cd\u03c3\u03c4\u03b7\u03c2", "share_text": ""}, "en": {"query": "Nutcracker Ballet", "hover_text": "120th Anniversary of the Nutcracker Ballet", "share_text": ""}, "ca": {"query": "Ballet \"El trencanous\"", "hover_text": "120\u00e8 aniversari del ballet \"El trencanous\"", "share_text": ""}, "it": {"query": "schiaccianoci balletto", "hover_text": "120\u00b0 anniversario della prima del balletto 'Lo Schiaccianoci'", "share_text": ""}, "iw": {"query": "\u05de\u05e4\u05e6\u05d7 \u05d4\u05d0\u05d2\u05d5\u05d6\u05d9\u05dd", "hover_text": "\u05d9\u05d5\u05dd \u05d4\u05d5\u05dc\u05d3\u05ea 120 \u05dc\u05de\u05e4\u05e6\u05d7 \u05d4\u05d0\u05d2\u05d5\u05d6\u05d9\u05dd", "share_text": ""}, "eu": {"query": "Intxar-Hauskailua balleta", "hover_text": "Intxaur-hauskailua balletaren 120.urteurrena", "share_text": ""}, "cs": {"query": "balet Lousk\u00e1\u010dek", "hover_text": "120. v\u00fdro\u010d\u00ed baletu Lousk\u00e1\u010dek", "share_text": ""}, "et": {"query": "P\u00e4hklipureja", "hover_text": "P\u00e4hklipureja 120. s\u00fcnnip\u00e4ev", "share_text": ""}, "gl": {"query": "Ballet \"O crebanoces\"", "hover_text": "120 Aniversario do ballet \"O crebanoces\"", "share_text": ""}, "es": {"query": "Ballet El Cascanueces", "hover_text": "120\u00ba aniversario del ballet El Cascanueces", "share_text": ""}, "ru": {"query": "\u0411\u0430\u043b\u0435\u0442 \"\u0429\u0435\u043b\u043a\u0443\u043d\u0447\u0438\u043a\"", "hover_text": "120 \u043b\u0435\u0442 \u0441\u043e \u0434\u043d\u044f \u043f\u0440\u0435\u043c\u044c\u0435\u0440\u044b \u0431\u0430\u043b\u0435\u0442\u0430 \"\u0429\u0435\u043b\u043a\u0443\u043d\u0447\u0438\u043a\"", "share_text": ""}, "sr": {"query": "\u041a\u0440\u0446\u043a\u043e \u041e\u0440\u0430\u0448\u0447\u0438\u045b", "hover_text": "120 \u0433\u043e\u0434. \u043e\u0434 \u043f\u0440\u0435\u043c\u0438\u0458\u0435\u0440\u0435 \u0431\u0430\u043b\u0435\u0442\u0430 \"\u041a\u0440\u0446\u043a\u043e \u041e\u0440\u0430\u0448\u0447\u0438\u045b\"", "share_text": ""}, "no": {"query": "N\u00f8tteknekkeren", "hover_text": "120-\u00e5rs jubileet for N\u00f8tteknekkeren", "share_text": ""}, "lv": {"query": "balets Riekstkodis", "hover_text": "Baleta \"Riekstkodis\" 120. gadadiena", "share_text": ""}, "lt": {"query": "baletas Spragtukas", "hover_text": "Baleto \"Spraktukas\" 120-asis gimtadienis", "share_text": ""}, "es-419": {"query": "Ballet El Cascanueces", "hover_text": "120\u00ba aniversario del ballet El Cascanueces", "share_text": ""}, "pl": {"query": "Balet \"Dziadek do Orzech\u00f3w\"", "hover_text": "120. rocznica prapremiery baletu \"Dziadek do Orzech\u00f3w\"", "share_text": ""}, "fr": {"query": "ballet Casse-noisette", "hover_text": "120\u00e8me anniversaire du ballet Casse-noisette", "share_text": ""}, "bg": {"query": "\u041b\u0435\u0448\u043d\u0438\u043a\u043e\u0442\u0440\u043e\u0448\u0430\u0447\u043a\u0430\u0442\u0430", "hover_text": "120 \u0433. \u043e\u0442 \u043f\u0440\u0435\u043c\u0438\u0435\u0440\u0430\u0442\u0430 \u043d\u0430 \u0431\u0430\u043b\u0435\u0442\u0430 \"\u041b\u0435\u0448\u043d\u0438\u043a\u043e\u0442\u0440\u043e\u0448\u0430\u0447\u043a\u0430\u0442\u0430\"", "share_text": ""}, "hr": {"query": "Ora\u0161ar balet", "hover_text": "120. godi\u0161njica prve izvedbe baleta Ora\u0161ar", "share_text": ""}, "de": {"query": "der nussknacker", "hover_text": "120. Geburtstag des Ballets \"Der Nussknacker\"", "share_text": ""}, "hu": {"query": "di\u00f3t\u00f6r\u0151", "hover_text": "120 \u00e9ves a di\u00f3t\u00f6r\u0151", "share_text": ""}, "pt-BR": {"query": "O Quebra-Nozes", "hover_text": "120\u00ba Anivers\u00e1rio do bal\u00e9 \"O Quebra-Nozes\"", "share_text": ""}, "ro-MD": {"query": "Baletul \"Sp\u0103rg\u0103torul de nuci\"", "hover_text": "120 de ani de la premiera baletului \"Sp\u0103rg\u0103torul de nuci\"", "share_text": ""}, "ja": {"query": "\u304f\u308b\u307f\u5272\u308a\u4eba\u5f62", "hover_text": "\u304f\u308b\u307f\u5272\u308a\u4eba\u5f62 \u521d\u6f14 120 \u5468\u5e74", "share_text": ""}, "pt-PT": {"query": "Quebra-Nozes", "hover_text": "120\u00ba Anivers\u00e1rio do Bailado Quebra-Nozes", "share_text": ""}, "zh-TW": {"query": "\u80e1\u6843\u9257", "hover_text": "\u7d93\u5178\u82ad\u857e\u821e\u97f3\u6a02\u5287 \u80e1\u6843\u9257\u9996\u6f14 120\u5468\u5e74", "share_text": ""}, "sq": {"query": null, "hover_text": null, "share_text": ""}, "sv": {"query": "N\u00f6tkn\u00e4pparen", "hover_text": "120-\u00e5rsjubileet av N\u00f6tkn\u00e4pparen", "share_text": ""}, "mk": {"query": "\u0431\u0430\u043b\u0435\u0442 \u041e\u0440\u0435\u0432\u043e\u043a\u0440\u0448\u0430\u0447\u043a\u0430", "hover_text": "120 \u0433\u043e\u0434\u0438\u043d\u0438 \u043e\u0434 \u043f\u0440\u0435\u043c\u0438\u0435\u0440\u0430\u0442\u0430 \u043d\u0430 \"\u041e\u0440\u0435\u0432\u043e\u043a\u0440\u0448\u0430\u0447\u043a\u0430\"", "share_text": ""}, "sk": {"query": "balet Lusk\u00e1\u010dik", "hover_text": "120. v\u00fdro\u010die baletu Lusk\u00e1\u010dik", "share_text": ""}, "uk": {"query": "\u0431\u0430\u043b\u0435\u0442 \"\u041b\u0443\u0441\u043a\u0443\u043d\u0447\u0438\u043a\"", "hover_text": "120 \u0440\u043e\u043a\u0456\u0432 \u0437 \u0434\u043d\u044f \u043f\u0440\u0435\u043c'\u0454\u0440\u0438 \u0431\u0430\u043b\u0435\u0442\u0443 \"\u041b\u0443\u0441\u043a\u0443\u043d\u0447\u0438\u043a\"", "share_text": ""}, "sl": {"query": "Hresta\u010d", "hover_text": "120. obletnica uprizoritve baleta Hresta\u010d", "share_text": ""}}, "high_res_height": 0, "high_res_url": "https://lh3.googleusercontent.com/R4CQFi9W1RDMszGi5nr2bLOYnZ0o1CpxmZ2tx8CPjQD79tBxR2N20d_Eb-9zlsExgIVUJdW9WFxvmO7KyGfee39gWpWf02UXwibfZO4=s660", "url": "//www.google.com/logos/2012/120th_anniversary_of_the_nutcracker_ballet-992006-hp.jpg", "alternate_url": "", "query": "Ballet El Cascanueces"}, {"translated_blog_posts": {}, "share_text": "130.\u00ba aniversario del nacimiento de Zolt\u00e1n Kod\u00e1ly #GoogleDoodle", "name": "zoltan-kodalys-130th-birthday", "title": "130.\u00ba aniversario del nacimiento de Zolt\u00e1n Kod\u00e1ly", "high_res_width": 0, "run_date_array": [2012, 12, 16], "translations": {"hu": {"query": "Kod\u00e1ly Zolt\u00e1n", "hover_text": "130 \u00e9ve sz\u00fcletett Kod\u00e1ly Zolt\u00e1n", "share_text": ""}}, "high_res_height": 0, "high_res_url": "https://lh3.googleusercontent.com/19hRglhMyW0mjXQmrx_fE0n9SZs1uW_NYlCJQlhE7xtm8RUTKUCWnqC6hYJ0jXVG90tMP2LosMxi2nyaX-IYV00YnZ-L7omFcsD5jmTw=s660", "url": "//www.google.com/logos/2012/zoltn_kodlys_130th_birthday-987006-hp.jpg", "alternate_url": "", "query": "130.\u00ba aniversario del nacimiento de Zolt\u00e1n Kod\u00e1ly"}, {"translated_blog_posts": {}, "share_text": "Elecciones de Jap\u00f3n 2012 #GoogleDoodle", "name": "japan-elections-2012", "title": "Elecciones de Jap\u00f3n 2012", "high_res_width": 0, "run_date_array": [2012, 12, 16], "translations": {"ja": {"query": "\u8846\u8b70\u9662\u9078\u6319", "hover_text": "\u8846\u8b70\u9662\u9078\u6319\u306e\u6295\u7968\u65e5", "share_text": ""}}, "high_res_height": 0, "high_res_url": "https://lh3.googleusercontent.com/-q-q41jwHZchbYkHRuEu15nVgzj3ekXj44sgvbTteB2f3bG_Ty62oPfvdJURty5F-YD4ARJgrrLMHuReKAFGNQ30TvW102sw4SrijquWxw=s660", "url": "//www.google.com/logos/2012/japan_elections_2012-1006005.2-hp.jpg", "alternate_url": "", "query": "Elecciones de Jap\u00f3n 2012"}, {"translated_blog_posts": {}, "share_text": "125.\u00ba aniversario del nacimiento de Xul Solar #GoogleDoodle", "name": "xul-solars-125th-birthday", "title": "125.\u00ba aniversario del nacimiento de Xul Solar", "high_res_width": 0, "run_date_array": [2012, 12, 14], "translations": {"es-419": {"query": "Xul Solar", "hover_text": "125\u00b0 Aniversario del Nacimiento de Xul Solar", "share_text": ""}, "es": {"query": "Xul Solar", "hover_text": "125\u00b0 Aniversario del Nacimiento de Xul Solar", "share_text": ""}}, "high_res_height": 0, "high_res_url": "https://lh3.googleusercontent.com/0Ks1C9Rr50Tyydy6fqoh6OzNY0EGxqFBKdTy0kUDDokGvsetEBCfbdeaiww59G3aVulLPyQOMp63T9PHb9NLOJqc2y7nON70MYHFC5pMIQ=s660", "url": "//www.google.com/logos/2012/xul_solars_125th_birthday-983007-hp.jpg", "alternate_url": "", "query": "Xul Solar"}, {"translated_blog_posts": {}, "share_text": "100.\u00ba aniversario del nacimiento de Luiz Gonzaga (br) #GoogleDoodle", "name": "luiz-gonzagas-100th-birthday-br", "title": "100.\u00ba aniversario del nacimiento de Luiz Gonzaga (br)", "high_res_width": 0, "run_date_array": [2012, 12, 13], "translations": {"pt-BR": {"query": "Luiz Gonzaga", "hover_text": "100\u00ba Anivers\u00e1rio de Luiz Gonzaga", "share_text": ""}}, "high_res_height": 0, "high_res_url": "https://lh3.googleusercontent.com/dWaB3p9CljzykS2Db6fKqxfJedTHCrB5CIdOABrJM9RNfMmdLQQ3f39GsMGb2pFEYMEz40LKjPp20xxB27CoR72GY5_BsNvRPR_d1RDG=s660", "url": "//www.google.com/logos/2012/luiz_gonzagas_100th_birthday_br-992005-hp.jpg", "alternate_url": "", "query": "100.\u00ba aniversario del nacimiento de Luiz Gonzaga (br)"}, {"translated_blog_posts": {}, "share_text": "50.\u00ba aniversario de Bonne Nuit les Petits #GoogleDoodle", "name": "50th-anniversary-of-bonne-nuit-les-petits", "title": "50.\u00ba aniversario de Bonne Nuit les Petits", "high_res_width": 0, "run_date_array": [2012, 12, 12], "translations": {"fr": {"query": "Bonne nuit les petits", "hover_text": "50\u00e8me anniversaire de la premi\u00e8re diffusion de Bonne nuit les petits", "share_text": ""}}, "high_res_height": 0, "high_res_url": "https://lh3.googleusercontent.com/9y0ubo6l1h-V3LAHrGKYtyF0YPYMt5dp9v9Z7VlTBj4YQj3NkenWKKbXEYJSOvQTXtBbfno0NItSNgDAUkLdtKQJdHl4D1arGQO0ULu9=s660", "url": "//www.google.com/logos/2012/50th_anniversary_of_bonne_nuit_les_petits-979007-hp.jpg", "alternate_url": "", "query": "50.\u00ba aniversario de Bonne Nuit les Petits"}, {"translated_blog_posts": {}, "share_text": "D\u00eda de la Independencia de Kenia 2012 #GoogleDoodle", "name": "kenya-independence-day-2012", "title": "D\u00eda de la Independencia de Kenia 2012", "high_res_width": 0, "run_date_array": [2012, 12, 12], "translations": {"en": {"query": "Jamhuri Day", "hover_text": "Happy Jamhuri Day Kenya", "share_text": ""}, "sw": {"query": "Jamhuri Day", "hover_text": "Twawatakia sikukuu njema ya Jamhuri", "share_text": ""}}, "high_res_height": 0, "high_res_url": "https://lh3.googleusercontent.com/lWBSLDavPIR6fOuDch6IwqkDMdz2k-tXXyrVPAk7gF17qRYAaCaiOQR8N5i1tUJsuyuKfCqs1CpL0RY6F-0XbL54Gvd7WviPUI_NrVcw=s660", "url": "//www.google.com/logos/2012/kenya_independence_day_2012-1001005.1-hp.png", "alternate_url": "", "query": "D\u00eda de la Independencia de Kenia 2012"}, {"translated_blog_posts": {}, "share_text": "Doodle 4 Google 2012: Ganador de Rusia #GoogleDoodle", "name": "doodle-4-google-2012-russia-winner", "title": "Doodle 4 Google 2012: Ganador de Rusia", "high_res_width": 0, "run_date_array": [2012, 12, 10], "translations": {"ru": {"query": "\u0414\u0443\u0434\u043b \u0434\u043b\u044f Google", "hover_text": "\u041f\u043e\u0431\u0435\u0434\u0438\u0442\u0435\u043b\u044c \u043a\u043e\u043d\u043a\u0443\u0440\u0441\u0430 \"\u0414\u0443\u0434\u043b \u0434\u043b\u044f Google\" \u041f\u0435\u0442\u0440 \u0410\u043b\u0435\u043a\u0441\u0435\u0435\u0432, \"\u041c\u043e\u044f \u0441\u0442\u0440\u0430\u043d\u0430 \u0420\u043e\u0441\u0441\u0438\u044f\"", "share_text": ""}}, "high_res_height": 0, "high_res_url": "https://lh3.googleusercontent.com/Wh9JvhbVfMgBGITvej9A1TOPddWqY-7YO4Wfj_I6toUEU5m4ECZ410QkHFy3k8n7x0AEQ2T0NQQxgF42OFDof4n82FaBYr_R5OWAQ7M=s660", "url": "//www.google.com/logos/2012/doodle_4_google_2012_-_russia_winner-983006-hp.jpg", "alternate_url": "", "query": "Doodle 4 Google 2012: Ganador de Rusia"}, {"translated_blog_posts": {}, "share_text": "197.\u00ba aniversario del nacimiento de Ada Lovelace #GoogleDoodle", "name": "ada-lovelaces-197th-birthday", "title": "197.\u00ba aniversario del nacimiento de Ada Lovelace", "high_res_width": 0, "run_date_array": [2012, 12, 10], "translations": {"el": {"query": "\u0386\u03bd\u03c4\u03b1 \u039b\u03ac\u03b2\u03bb\u03b5\u03ca\u03c2", "hover_text": "197\u03b1 \u03b3\u03b5\u03bd\u03ad\u03b8\u03bb\u03b9\u03b1 \u03c4\u03b7\u03c2 \u0386\u03bd\u03c4\u03b1\u03c2 \u039b\u03ac\u03b2\u03bb\u03b5\u03ca\u03c2", "share_text": ""}, "en": {"query": "Ada Lovelace", "hover_text": "Ada Lovelace\u2019s 197th Birthday", "share_text": ""}, "af": {"query": "Ada Lovelace", "hover_text": "Ada Lovelace se 197ste verjaardag", "share_text": ""}, "vi": {"query": "Ada Lovelace", "hover_text": "Sinh nh\u1eadt l\u1ea7n th\u1ee9 197 c\u1ee7a Ada Lovelace", "share_text": ""}, "ca": {"query": "Ada Lovelace", "hover_text": "197\u00e8 aniversari del naixement d'Ada Lovelace", "share_text": ""}, "it": {"query": "Ada Lovelace", "hover_text": "197\u00b0 anniversario della nascita di Ada Lovelace", "share_text": ""}, "iw": {"query": "\u05e2\u05d3\u05d4 \u05dc\u05d0\u05d1\u05dc\u05d9\u05d9\u05e1", "hover_text": "\u05d9\u05d5\u05dd \u05d4\u05d5\u05dc\u05d3\u05ea 197 \u05dc\u05e2\u05d3\u05d4 \u05dc\u05d0\u05d1\u05dc\u05d9\u05d9\u05e1", "share_text": ""}, "cs": {"query": "Ada Lovelace", "hover_text": "197. v\u00fdro\u010d\u00ed narozen\u00ed Ady Lovelaceov\u00e9", "share_text": ""}, "ar": {"query": "\u0622\u062f\u0627 \u0644\u0648\u0641\u0644\u0627\u064a\u0633", "hover_text": "\u0627\u0644\u0630\u0643\u0631\u0649 \u0627\u0644\u0640 \u0661\u0669\u0667 \u0644\u0622\u062f\u0627 \u0644\u0648\u0641\u0644\u0627\u064a\u0633", "share_text": ""}, "ga": {"query": "Ada Lovelace", "hover_text": "Com\u00f3radh 197 bliain \u00f3 rugadh Ada Lovelace", "share_text": ""}, "eu": {"query": "Ada Lovelace", "hover_text": "Ada Lovelace-n jaiotegunaren 197.urteurrena", "share_text": ""}, "et": {"query": "Ada Lovelace", "hover_text": "Ada Lovelace 197. s\u00fcnnip\u00e4ev", "share_text": ""}, "az": {"query": "Ada Lovelas", "hover_text": "Ada Lovelas\u0131n 197-ci illiyi", "share_text": ""}, "id": {"query": "Ada Lovelace", "hover_text": "Ulang Tahun Ada Lovelace ke-197", "share_text": ""}, "es": {"query": "Ada Lovelace", "hover_text": "197\u00ba aniversario del nacimiento de Ada Lovelace", "share_text": ""}, "en-GB": {"query": "Ada Lovelace", "hover_text": "Ada Lovelace\u2019s 197th Birthday", "share_text": ""}, "ru": {"query": "\u0410\u0434\u0430 \u041b\u0430\u0432\u043b\u0435\u0439\u0441", "hover_text": "197 \u043b\u0435\u0442 \u0441\u043e \u0434\u043d\u044f \u0440\u043e\u0436\u0434\u0435\u043d\u0438\u044f \u0410\u0434\u044b \u041b\u0430\u0432\u043b\u0435\u0439\u0441", "share_text": ""}, "gl": {"query": "Ada Lovelace", "hover_text": "197\u00ba cumpleanos de Ada Lovelace", "share_text": ""}, "nl": {"query": "Ada Lovelace", "hover_text": "197e Geboortedag Ada Lovelace", "share_text": ""}, "nn": {"query": "Ada Lovelace", "hover_text": "Ada Lovelaces 197. f\u00f8dselsdag", "share_text": ""}, "no": {"query": "Ada Lovelace", "hover_text": "Ada Lovelaces 197. f\u00f8dselsdag", "share_text": ""}, "tr": {"query": "Ada Lovelace", "hover_text": "Ada Lovelace'in 197. Do\u011fum G\u00fcn\u00fc", "share_text": ""}, "lv": {"query": "Ada Lavleisa", "hover_text": "Adas Lavleisas 197. dzim\u0161anas diena", "share_text": ""}, "lt": {"query": "Ada Lovelace", "hover_text": "197-asis Ados Lovelace gimtadienis", "share_text": ""}, "th": {"query": "Ada Lovelace", "hover_text": "\u0e27\u0e31\u0e19\u0e40\u0e01\u0e34\u0e14\u0e04\u0e23\u0e1a\u0e23\u0e2d\u0e1a 146 \u0e1b\u0e35\u0e02\u0e2d\u0e07 Ada Lovelace", "share_text": ""}, "es-419": {"query": "Ada Lovelace", "hover_text": "197\u00ba aniversario del nacimiento de Ada Lovelace", "share_text": ""}, "is": {"query": "Ada Lovelace", "hover_text": "Ada Lovelace f\u00e6ddist fyrir 197 \u00e1rum", "share_text": ""}, "pl": {"query": "Ada Lovelace", "hover_text": "Ada Lovelace - 197. rocznica urodzin", "share_text": ""}, "ta": {"query": "\u0b85\u0b9f\u0bbe \u0bb2\u0bb5\u0bcd\u0bb2\u0bc7\u0bb8\u0bcd", "hover_text": "\u0b85\u0b9f\u0bbe \u0bb2\u0bb5\u0bcd\u0bb2\u0bc7\u0bb8\u0bcd 197-\u0bb5\u0ba4\u0bc1 \u0baa\u0bbf\u0bb1\u0ba8\u0bcd\u0ba4 \u0ba4\u0bbf\u0ba9\u0bae\u0bcd", "share_text": ""}, "fr": {"query": "Ada Lovelace", "hover_text": "197\u00e8me anniversaire de Ada Lovelace", "share_text": ""}, "bg": {"query": "\u0410\u0434\u0430 \u041b\u044a\u0432\u043b\u0435\u0439\u0441", "hover_text": "197 \u0433. \u043e\u0442 \u0440\u043e\u0436\u0434\u0435\u043d\u0438\u0435\u0442\u043e \u043d\u0430 \u0410\u0434\u0430 \u041b\u044a\u0432\u043b\u0435\u0439\u0441", "share_text": ""}, "ms": {"query": "Ada Lovelace", "hover_text": "Hari lahir Ada Lovelace ke 197", "share_text": ""}, "hr": {"query": "Ada Lovelace", "hover_text": "197. godi\u0161njica ro\u0111enja Ade Lovelace", "share_text": ""}, "bn": {"query": "Ada Lovelace", "hover_text": "\u098f\u09a1\u09be \u09b2\u09be\u09ad\u09b2\u09c7\u09b8\u09c7\u09b0 \u09e7\u09ef\u09ed-\u09a4\u09ae \u099c\u09a8\u09cd\u09ae\u09ac\u09be\u09b0\u09cd\u09b7\u09bf\u0995\u09c0", "share_text": ""}, "de": {"query": "Ada Lovelace", "hover_text": "197. Geburtstag von Ada Lovelace", "share_text": ""}, "ht": {"query": "Ada Lovelace", "hover_text": "197\u00e8m aniv\u00e8s\u00e8 Ada Lovelace", "share_text": ""}, "da": {"query": "Ada Lovelace", "hover_text": "Ada Lovelaces 197 \u00e5rs f\u00f8dselsdag", "share_text": ""}, "pt-BR": {"query": "Ada Lovelace", "hover_text": "197\u00ba Anivers\u00e1rio de Ada Lovelace", "share_text": ""}, "bs": {"query": "Ada Lovelace", "hover_text": "197. godi\u0161njica ro\u0111enja Ade Lovelace", "share_text": ""}, "fi": {"query": "Ada Lovelace", "hover_text": "197 vuotta Ada Lovelacen syntym\u00e4st\u00e4", "share_text": ""}, "hu": {"query": "Ada Lovelace", "hover_text": "197 \u00e9ve sz\u00fcletett Ada Lovelace", "share_text": ""}, "ja": {"query": "\u30a8\u30a4\u30c0 \u30e9\u30d6\u30ec\u30b9", "hover_text": "\u30a8\u30a4\u30c0 \u30e9\u30d6\u30ec\u30b9 \u751f\u8a95 197 \u5468\u5e74", "share_text": ""}, "ro": {"query": "Ada Lovelace", "hover_text": "197 de ani de la na\u0219terea Adei Lovelace", "share_text": ""}, "kk": {"query": "\u0410\u0434\u0430 \u041b\u0430\u0432\u043b\u0435\u0439\u0441", "hover_text": "\u0410\u0434\u0430 \u041b\u0430\u0432\u043b\u0435\u0439\u0441\u0442\u044b\u04a3 \u0442\u0443\u0493\u0430\u043d \u043a\u04af\u043d\u0456\u04a3\u0435 197 \u0436\u044b\u043b", "share_text": ""}, "zh-TW": {"query": "Ada Lovelace", "hover_text": "\u4e16\u754c\u4e0a\u9996\u4f4d\u8a08\u7b97\u6a5f\u7a0b\u5f0f\u8a2d\u8a08\u5e2b Ada Lovelace 197\u6b72\u8a95\u8fb0", "share_text": ""}, "ko": {"query": "\uc5d0\uc774\ub2e4 \ub7ec\ube0c\ub808\uc774\uc2a4", "hover_text": "\uc5d0\uc774\ub2e4 \ub7ec\ube0c\ub808\uc774\uc2a4 \ud0c4\uc0dd 197\uc8fc\ub144", "share_text": ""}, "sv": {"query": "Ada Lovelace", "hover_text": "Ada Lovelaces 197e f\u00f6delsedag", "share_text": ""}, "mk": {"query": "\u0410\u0434\u0430 \u041b\u043e\u0432\u043b\u0435\u0458\u0441", "hover_text": "197 \u0433\u043e\u0434\u0438\u043d\u0438 \u043e\u0434 \u0440\u0430\u0453\u0430\u045a\u0435\u0442\u043e \u043d\u0430 \u0410\u0434\u0430 \u041b\u043e\u0432\u043b\u0435\u0458\u0441", "share_text": ""}, "sk": {"query": "Ada Lovelace", "hover_text": "197. v\u00fdro\u010die narodenia Ady Lovelaceovej", "share_text": ""}, "zh-CN": {"query": "\u963f\u8fbe\u00b7\u5965\u53e4\u65af\u5854", "hover_text": "\u4e16\u754c\u4e0a\u9996\u4f4d\u7a0b\u5e8f\u5458\u963f\u8fbe\u00b7\u5965\u53e4\u65af\u5854\u8bde\u751f197\u5468\u5e74", "share_text": ""}, "sr": {"query": "\u0415\u0458\u0434\u0430 \u041b\u0430\u0432\u043b\u0435\u0458\u0441", "hover_text": "197 \u0433\u043e\u0434. \u043e\u0434 \u0440\u043e\u0452\u0435\u045a\u0430 \u0415\u0458\u0434\u0435 \u041b\u0430\u0432\u043b\u0435\u0458\u0441", "share_text": ""}, "pt-PT": {"query": "Ada Lovelace", "hover_text": "197\u00ba Anivers\u00e1rio de Ada Lovelace", "share_text": ""}, "uk": {"query": "\u0410\u0434\u0430 \u041b\u0430\u0432\u043b\u0435\u0439\u0441", "hover_text": "197 \u0440\u043e\u043a\u0456\u0432 \u0437 \u0434\u043d\u044f \u043d\u0430\u0440\u043e\u0434\u0436\u0435\u043d\u043d\u044f \u0410\u0434\u0438 \u041b\u0430\u0432\u043b\u0435\u0439\u0441", "share_text": ""}, "sl": {"query": "Ada Lovelace", "hover_text": "197. rojstni dan Ade Lovelace", "share_text": ""}, "mr": {"query": "ada lovelace", "hover_text": "\u0906\u0921\u093e \u0932\u0935\u0932\u0947\u0938\u091a\u093e \u0967\u096f\u096d\u0935\u093e \u0935\u093e\u0922\u0926\u093f\u0935\u0938", "share_text": ""}, "sw": {"query": "Ada Lovelace", "hover_text": "Maadhimisho ya miaka 197 ya kuzaliwa kwa Ada Lovelace", "share_text": ""}}, "high_res_height": 0, "high_res_url": "https://lh3.googleusercontent.com/iXmJ9aWblkGDpg-_jpcqaY10KmA8HthjZ7F15U7mJ9PQK6vZEStMlathz1FfQQWV5XeeF-A1tZ0UpDjx3q6vEm2BWZn5k1btVSuBk9ad=s660", "url": "//www.google.com/logos/2012/ada_lovelaces_197th_birthday-991005-hp.jpg", "alternate_url": "", "query": "Ada Lovelace"}, {"translated_blog_posts": {}, "share_text": "180.\u00ba aniversario del nacimiento de Bj\u00f8rnstjerne Bj\u00f8rnson #GoogleDoodle", "name": "bjrnstjerne-bjrnson-s-180th-birthday", "title": "180.\u00ba aniversario del nacimiento de Bj\u00f8rnstjerne Bj\u00f8rnson", "high_res_width": 0, "run_date_array": [2012, 12, 8], "translations": {"no": {"query": "Bj\u00f8rnstjerne Bj\u00f8rnson", "hover_text": "Bj\u00f8rnstjerne Bj\u00f8rnsons 180. f\u00f8dselsdag", "share_text": ""}}, "high_res_height": 0, "high_res_url": "https://lh3.googleusercontent.com/QFw0xSX8pYzS6OMQtW2zaAO_ThLrtZUDstu5cw69rxaSttFrG9E6DTL8h8wWikYKyVTkFOHqV-OX9fAV4Ag3nyBfOvce0fpjJKYHVNX7-g=s660", "url": "//www.google.com/logos/2012/bjrnstjerne_bjrnsons_180th_birthday-990005-hp.jpg", "alternate_url": "", "query": "180.\u00ba aniversario del nacimiento de Bj\u00f8rnstjerne Bj\u00f8rnson"}, {"translated_blog_posts": {}, "share_text": "D\u00eda de las Velitas #GoogleDoodle", "name": "dia-de-las-velitas", "title": "D\u00eda de las Velitas", "high_res_width": 0, "run_date_array": [2012, 12, 7], "translations": {"es-419": {"query": "D\u00eda de las velitas", "hover_text": "D\u00eda de las velitas", "share_text": ""}}, "high_res_height": 0, "high_res_url": "https://lh3.googleusercontent.com/d5v9SdxvX-wV6hrfpRjrD9aB9Jl59cEX3FWYnnruIB5BLPC6nhVYUcRGr_BaXdk8Mg5fU0B_u4XZswNOekPJt7CaFOPcmQOpt6nKHmZL=s660", "url": "//www.google.com/logos/2012/da_de_las_velitas-988005-hp.jpg", "alternate_url": "", "query": "D\u00eda de las velitas"}, {"translated_blog_posts": {}, "share_text": "Elecciones de Ghana 2012 #GoogleDoodle", "name": "ghana-elections-2012", "title": "Elecciones de Ghana 2012", "high_res_width": 0, "run_date_array": [2012, 12, 7], "translations": {"en": {"query": "Ghanaian general election, 2012", "hover_text": "Elections Day 2012", "share_text": ""}}, "high_res_height": 0, "high_res_url": "https://lh3.googleusercontent.com/kiqABagmeEr2IM486Dxxy56RRw0wUvxXyyP21mp5d0f_YV0w1BhR1hIXiWYt8Pz-QAqm26JeC8m-M2zpTpMyQ0AmTQiwhgDzJgn4tMaq=s660", "url": "//www.google.com/logos/2012/ghana_elections_2012-989005-hp.jpg", "alternate_url": "", "query": "Elecciones de Ghana 2012"}, {"translated_blog_posts": {}, "share_text": "D\u00eda de la Independencia de Finlandia 2012 #GoogleDoodle", "name": "finland-independence-day-2012", "title": "D\u00eda de la Independencia de Finlandia 2012", "high_res_width": 0, "run_date_array": [2012, 12, 6], "translations": {"fi": {"query": "Suomen itsen\u00e4isyysp\u00e4iv\u00e4", "hover_text": "Suomen itsen\u00e4isyysp\u00e4iv\u00e4", "share_text": ""}, "sv": {"query": "Finlands sj\u00e4lvst\u00e4ndighetsdag", "hover_text": "Finlands sj\u00e4lvst\u00e4ndighetsdag", "share_text": ""}}, "high_res_height": 0, "high_res_url": "https://lh3.googleusercontent.com/DMvAxtqLKkzcOqUZz1sRXgaiBplQQm4u0jt41pENwbqmR-o5m6KUOfz46JGBVpPGUKOCIvrvFXi4BQFBUVTp38yF-FvWm7AAehTXRlsF=s660", "url": "//www.google.com/logos/2012/finland_independence_day_2012-987005-hp.jpg", "alternate_url": "", "query": "D\u00eda de la Independencia de Finlandia 2012"}, {"translated_blog_posts": {}, "share_text": "290.\u00ba aniversario del nacimiento de Hryhorii Skovoroda #GoogleDoodle", "name": "hryhorii-skovorodas-290-birthday", "title": "290.\u00ba aniversario del nacimiento de Hryhorii Skovoroda", "high_res_width": 0, "run_date_array": [2012, 12, 3], "translations": {"ru": {"query": "\u0413\u0440\u0438\u0433\u043e\u0440\u0438\u0439 \u0421\u043a\u043e\u0432\u043e\u0440\u043e\u0434\u0430", "hover_text": "290 \u043b\u0435\u0442 \u0441\u043e \u0434\u043d\u044f \u0440\u043e\u0436\u0434\u0435\u043d\u0438\u044f \u0413\u0440\u0438\u0433\u043e\u0440\u0438\u044f \u0421\u043a\u043e\u0432\u043e\u0440\u043e\u0434\u044b", "share_text": ""}, "uk": {"query": "\u0413\u0440\u0438\u0433\u043e\u0440\u0456\u0439 \u0421\u043a\u043e\u0432\u043e\u0440\u043e\u0434\u0430", "hover_text": "290 \u0440\u043e\u043a\u0456\u0432 \u0437 \u0434\u043d\u044f \u043d\u0430\u0440\u043e\u0434\u0436\u0435\u043d\u043d\u044f \u0413\u0440\u0438\u0433\u043e\u0440\u0456\u044f \u0421\u043a\u043e\u0432\u043e\u0440\u043e\u0434\u0438", "share_text": ""}}, "high_res_height": 0, "high_res_url": "https://lh3.googleusercontent.com/qqUSmDQw5h6hljUzYut7dmH35Q9Eto8u78AZ8YcxSkKl8uO3A0qpYMtTs1X1V6L3oLV2nVDo0tKkFyYSlw6OSm6d78myzLezDJNux7s=s660", "url": "//www.google.com/logos/2012/hryhorii_skovorodas_290_birthday-985005-hp.jpg", "alternate_url": "", "query": "290.\u00ba aniversario del nacimiento de Hryhorii Skovoroda"}, {"translated_blog_posts": {}, "share_text": "Doodle 4 Google 2012: Ganador de Jap\u00f3n #GoogleDoodle", "name": "doodle-4-google-2012-japan-winner", "title": "Doodle 4 Google 2012: Ganador de Jap\u00f3n", "high_res_width": 0, "run_date_array": [2012, 12, 3], "translations": {"ja": {"query": "Doodle 4 Google", "hover_text": "Doodle 4 Google \u30b0\u30e9\u30f3\u30d7\u30ea\u4f5c\u54c1", "share_text": ""}}, "high_res_height": 0, "high_res_url": "https://lh3.googleusercontent.com/yy7vcn_qR0XhSaZWgenNDBB9DU8sYzekhf90D0fwe0NlhjpzKDCASZ6xvCmvIQsqCx7xPffEsd6oIQeiZWc6_FovISoQ_lnApyDfOfNc=s660", "url": "//www.google.com/logos/2012/doodle_4_google_2012_-_japan_winner-984005.3-hp.jpg", "alternate_url": "", "query": "Doodle 4 Google 2012: Ganador de Jap\u00f3n"}, {"translated_blog_posts": {}, "share_text": "D\u00eda Nacional de los Emiratos \u00c1rabes Unidos 2012 #GoogleDoodle", "name": "united-arab-emirates-national-day-2012", "title": "D\u00eda Nacional de los Emiratos \u00c1rabes Unidos 2012", "high_res_width": 0, "run_date_array": [2012, 12, 2], "translations": {"en": {"query": "United Arab Emirates National Day", "hover_text": "United Arab Emirates National Day", "share_text": ""}, "ar": {"query": "\u0627\u0633\u062a\u0642\u0644\u0627\u0644 \u0627\u0644\u0625\u0645\u0627\u0631\u0627\u062a \u0627\u0644\u0639\u0631\u0628\u064a\u0629 \u0627\u0644\u0645\u062a\u062d\u062f\u0629", "hover_text": "\u0627\u0644\u0639\u064a\u062f \u0627\u0644\u0648\u0637\u0646\u064a \u0644\u062f\u0648\u0644\u0629 \u0627\u0644\u0625\u0645\u0627\u0631\u0627\u062a \u0627\u0644\u0639\u0631\u0628\u064a\u0629 \u0627\u0644\u0645\u062a\u062d\u062f\u0629", "share_text": ""}}, "high_res_height": 0, "high_res_url": "https://lh3.googleusercontent.com/5TJIe81bUj0VMUN803Fdi6-au4r5xWoZPLUZcPAKyszi5k1BW65ACelbDC7MluqsmDehC3OZnXDP0COGZvaPxsaslHaWmEfsvQ7Ddpwd=s660", "url": "//www.google.com/logos/2012/united_arab_emirates_national_day_2012-983005-hp.jpg", "alternate_url": "", "query": "D\u00eda Nacional de los Emiratos \u00c1rabes Unidos 2012"}, {"translated_blog_posts": {}, "share_text": "Doodle 4 Google 2012: Ganador de Rumania #GoogleDoodle", "name": "doodle-4-google-2012-romania-winner", "title": "Doodle 4 Google 2012: Ganador de Rumania", "high_res_width": 284, "run_date_array": [2012, 12, 1], "translations": {"ro": {"query": "Doodle 4 Google Romania mea este", "hover_text": "c\u00e2\u0219tig\u0103torul concursului Doodle 4 Google - Iasmina R\u0103ceanu, \"Rom\u00e2nia mea\"", "share_text": ""}}, "high_res_height": 200, "high_res_url": "//www.google.com/logos/2012/doodle_4_google_2012_-_romania_winner-979005-hp.jpg", "url": "//www.google.com/logos/2012/doodle_4_google_2012_-_romania_winner-979005-hp.jpg", "alternate_url": "", "query": "Doodle 4 Google 2012: Ganador de Rumania"}]